{
  "Component.js": 1709363886881,
  "i18n/i18n.properties": 1709363996439,
  "manifest.json": 1709386325856,
  "model/models.js": 1709363886889,
  "controller/ServiceOperation.js": 1709363945172,
  "controller/Home.controller.js": 1709363954000,
  "controller/Details.controller.js": 1709363945172,
  "controller/BaseController.js": 1709386006451,
  "controller/App.controller.js": 1709363947996,
  "data/AppControl.json": 1709363968676,
  "Component-preload.js": 1709386325999,
  "controller/BaseController-dbg.js": 1709386006451,
  "controller/ServiceOperation-dbg.js": 1709363945172,
  "controller/Home-dbg.controller.js": 1709363954000,
  "controller/Details-dbg.controller.js": 1709363945172,
  "model/models-dbg.js": 1709363886889,
  "controller/App-dbg.controller.js": 1709363947996,
  "Component-dbg.js": 1709363886881,
  "view/Home.view.xml": 1709386298181,
  "view/Details.view.xml": 1709386287129,
  "view/App.view.xml": 1709386292073,
  "fragments/CreateSpacefarer.fragment.xml": 1709363983128,
  "css/style.css": 1709363886893,
  "index.html": 1709363886881
}