{
  "data/AppControl.json": 1709363968676,
  "controller/App.controller.js": 1709363947996,
  "manifest.json": 1709366327066,
  "model/models.js": 1709363886889,
  "controller/ServiceOperation.js": 1709363945172,
  "controller/Home.controller.js": 1709363954000,
  "controller/Details.controller.js": 1709363945172,
  "controller/BaseController.js": 1709363945172,
  "i18n/i18n.properties": 1709363996439,
  "Component.js": 1709363886881,
  "Component-preload.js": 1709366327444,
  "Component-dbg.js": 1709363886881,
  "controller/ServiceOperation-dbg.js": 1709363945172,
  "controller/Home-dbg.controller.js": 1709363954000,
  "controller/Details-dbg.controller.js": 1709363945172,
  "controller/BaseController-dbg.js": 1709363945172,
  "controller/App-dbg.controller.js": 1709363947996,
  "model/models-dbg.js": 1709363886889,
  "view/Home.view.xml": 1709363886905,
  "view/App.view.xml": 1709363886905,
  "fragments/CreateSpacefarer.fragment.xml": 1709363983128,
  "css/style.css": 1709363886893,
  "index.html": 1709363886881
}